{
  "section": "Portfolio Figures - Beta vs MC",
  "calculation_method": "Correct covariance-based volatility",
  "portfolio_params": {
    "num_assets": 4,
    "individual_prices": [
      150,
      120,
      80,
      95
    ],
    "weights": [
      0.25,
      0.25,
      0.25,
      0.25
    ],
    "portfolio_s0": 111.25,
    "portfolio_vol": 0.21454894546466546,
    "strike": 90.0,
    "barrier": 150.0,
    "rate": 0.05,
    "time": 1.0,
    "volatilities": [
      0.25,
      0.35,
      0.2,
      0.4
    ],
    "correlation": [
      [
        1.0,
        0.1,
        0.4,
        0.5
      ],
      [
        0.1,
        1.0,
        0.3,
        0.2
      ],
      [
        0.4,
        0.3,
        1.0,
        0.6
      ],
      [
        0.5,
        0.2,
        0.6,
        1.0
      ]
    ]
  },
  "figures": [
    {
      "option": "Vanilla Call",
      "mc_benchmark_paths": 1000000,
      "mc_benchmark_price": 26.669672070584053,
      "beta_steps_tested": [
        10000,
        60000,
        110000,
        160000,
        210000,
        260000,
        310000,
        360000,
        410000,
        460000,
        510000,
        560000,
        610000,
        660000,
        710000,
        760000,
        810000,
        860000,
        910000,
        960000
      ],
      "beta_prices": [
        26.75994839566303,
        26.759868655325008,
        26.759887952264393,
        26.75989378305775,
        26.759892648279845,
        26.759888097192402,
        26.759886885914767,
        26.759891665805455,
        26.759890979909898,
        26.75988790172606,
        26.75989015833018,
        26.759890856195995,
        26.759889843189427,
        26.759890688417798,
        26.759890263526316,
        26.759890706757318,
        26.75989080781872,
        26.759889437931335,
        26.75989019598211,
        26.759888790134738
      ],
      "beta_errors": [
        0.0902763250789782,
        0.09019658474095493,
        0.09021588168034,
        0.0902217124736957,
        0.09022057769579206,
        0.09021602660834915,
        0.09021481533071452,
        0.09021959522140222,
        0.09021890932584498,
        0.09021583114200737,
        0.09021808774612694,
        0.09021878561194185,
        0.09021777260537434,
        0.09021861783374518,
        0.09021819294226319,
        0.09021863617326531,
        0.09021873723466811,
        0.09021736734728236,
        0.09021812539805651,
        0.09021671955068555
      ],
      "min_error": 0.09019658474095493,
      "max_error": 0.0902763250789782
    },
    {
      "option": "Digital Asset Call",
      "mc_benchmark_paths": 1000000,
      "mc_benchmark_price": 101.22541727292837,
      "beta_steps_tested": [
        10000,
        60000,
        110000,
        160000,
        210000,
        260000,
        310000,
        360000,
        410000,
        460000,
        510000,
        560000,
        610000,
        660000,
        710000,
        760000,
        810000,
        860000,
        910000,
        960000
      ],
      "beta_prices": [
        101.04779968334124,
        101.08508846618727,
        100.97315841549332,
        101.00181979866768,
        101.0206827538945,
        100.98276482163332,
        101.04082367420065,
        101.01712446387032,
        101.02165056898122,
        101.03551189244291,
        100.99625305154416,
        101.00237151983215,
        100.99564375984924,
        101.01879994415678,
        101.02181842200797,
        101.00429052559863,
        101.0069189194744,
        101.0261748383421,
        101.02078067595028,
        101.02901750925808
      ],
      "beta_errors": [
        0.17761758958712903,
        0.1403288067410955,
        0.25225885743505216,
        0.22359747426068566,
        0.2047345190338632,
        0.24265245129504365,
        0.18459359872771586,
        0.20829280905805092,
        0.2037667039471529,
        0.18990538048545602,
        0.22916422138420955,
        0.22304575309621555,
        0.22977351307912386,
        0.20661732877158556,
        0.2035988509204003,
        0.22112674732973403,
        0.21849835345396684,
        0.19924243458626734,
        0.20463659697809078,
        0.19639976367028567
      ],
      "min_error": 0.1403288067410955,
      "max_error": 0.25225885743505216
    },
    {
      "option": "Barrier Call Up-Out",
      "mc_benchmark_paths": 1000000,
      "mc_benchmark_price": 19.220747969511997,
      "beta_steps_tested": [
        10000,
        60000,
        110000,
        160000,
        210000,
        260000,
        310000,
        360000,
        410000,
        460000,
        510000,
        560000,
        610000,
        660000,
        710000,
        760000,
        810000,
        860000,
        910000,
        960000
      ],
      "beta_prices": [
        19.237995244074426,
        19.25956460852522,
        19.237517267127238,
        19.26339040180467,
        19.282889298896066,
        19.28261284007768,
        19.257675917985612,
        19.254878391609445,
        19.25325936485374,
        19.271812393403618,
        19.271326927285592,
        19.276310792353605,
        19.255837554790133,
        19.259961432752238,
        19.259247626861555,
        19.275629200910664,
        19.260547791466106,
        19.259514182554724,
        19.270223230911157,
        19.269984549636334
      ],
      "beta_errors": [
        0.017247274562429027,
        0.03881663901322341,
        0.01676929761524093,
        0.042642432292673504,
        0.06214132938406891,
        0.061864870565681684,
        0.03692794847361469,
        0.03413042209744788,
        0.032511395341742855,
        0.05106442389162069,
        0.050578957773595334,
        0.055562822841608295,
        0.035089585278136326,
        0.039213463240241,
        0.03849965734955774,
        0.054881231398667296,
        0.039799821954108694,
        0.038766213042727315,
        0.049475261399159365,
        0.049236580124336626
      ],
      "min_error": 0.01676929761524093,
      "max_error": 0.06214132938406891
    }
  ]
}