{
  "section": "Portfolio Figures - Beta vs MC",
  "calculation_method": "Correct covariance-based volatility",
  "portfolio_params": {
    "num_assets": 4,
    "individual_prices": [
      150,
      120,
      80,
      95
    ],
    "weights": [
      0.25,
      0.25,
      0.25,
      0.25
    ],
    "portfolio_s0": 111.25,
    "portfolio_vol": 0.21454894546466546,
    "strike": 90.0,
    "barrier": 150.0,
    "rate": 0.05,
    "time": 1.0,
    "volatilities": [
      0.25,
      0.35,
      0.2,
      0.4
    ],
    "correlation": [
      [
        1.0,
        0.1,
        0.4,
        0.5
      ],
      [
        0.1,
        1.0,
        0.3,
        0.2
      ],
      [
        0.4,
        0.3,
        1.0,
        0.6
      ],
      [
        0.5,
        0.2,
        0.6,
        1.0
      ]
    ]
  },
  "figures": [
    {
      "option": "Vanilla Call",
      "mc_benchmark_paths": 1000000,
      "mc_benchmark_price": 0.9038308327614837,
      "beta_steps_tested": [
        10000,
        60000,
        110000,
        160000,
        210000,
        260000,
        310000,
        360000,
        410000,
        460000,
        510000,
        560000,
        610000,
        660000,
        710000,
        760000,
        810000,
        860000,
        910000,
        960000
      ],
      "beta_prices": [
        0.9079584166538733,
        0.9079619269465069,
        0.9079610070320305,
        0.9079607270284903,
        0.907960775755409,
        0.907960985791867,
        0.9079610407080856,
        0.9079608162280189,
        0.9079608475294833,
        0.9079609906655997,
        0.907960884424041,
        0.9079608517336505,
        0.9079608981598446,
        0.9079608585494624,
        0.9079608778469714,
        0.9079608571987491,
        0.9079608524525853,
        0.9079609164699218,
        0.9079608805676934,
        0.9079609465356889
      ],
      "beta_errors": [
        0.004127583892389652,
        0.004131094185023221,
        0.004130174270546849,
        0.004129894267006606,
        0.0041299429939253285,
        0.004130153030383332,
        0.004130207946601905,
        0.004129983466535259,
        0.004130014767999568,
        0.004130157904115972,
        0.00413005166255731,
        0.004130018972166805,
        0.004130065398360916,
        0.0041300257879787194,
        0.004130045085487755,
        0.0041300244372654005,
        0.004130019691101605,
        0.004130083708438148,
        0.004130047806209736,
        0.004130113774205246
      ],
      "min_error": 0.004127583892389652,
      "max_error": 0.004131094185023221
    },
    {
      "option": "Digital Asset Call",
      "mc_benchmark_paths": 1000000,
      "mc_benchmark_price": 1.6664774206592712,
      "beta_steps_tested": [
        10000,
        60000,
        110000,
        160000,
        210000,
        260000,
        310000,
        360000,
        410000,
        460000,
        510000,
        560000,
        610000,
        660000,
        710000,
        760000,
        810000,
        860000,
        910000,
        960000
      ],
      "beta_prices": [
        1.675821823386664,
        1.6740608803603183,
        1.6792870322203708,
        1.6779505892633941,
        1.6770700894633426,
        1.6788384662428941,
        1.6761290506572744,
        1.6772358067702746,
        1.6770244536183252,
        1.6763770373487779,
        1.6782093600094732,
        1.6779239843522582,
        1.6782377061452363,
        1.6771573501005734,
        1.6770164162721917,
        1.677834378978253,
        1.6777117480750656,
        1.6768129560457032,
        1.6770648040156002,
        1.6766801790355024
      ],
      "beta_errors": [
        0.009344402727392787,
        0.007583459701047124,
        0.01280961156109961,
        0.011473168604122952,
        0.010592668804071392,
        0.012361045583622943,
        0.009651629998003175,
        0.010758386111003437,
        0.010547032959054015,
        0.009899616689506674,
        0.011731939350202003,
        0.011446563692987022,
        0.011760285485965083,
        0.01067992944130225,
        0.010538995612920488,
        0.011356958318981869,
        0.011234327415794443,
        0.01033553538643206,
        0.010587383356329028,
        0.010202758376231191
      ],
      "min_error": 0.007583459701047124,
      "max_error": 0.01280961156109961
    },
    {
      "option": "Barrier Call Up-Out",
      "mc_benchmark_paths": 1000000,
      "mc_benchmark_price": 0.3363534695787802,
      "beta_steps_tested": [
        10000,
        60000,
        110000,
        160000,
        210000,
        260000,
        310000,
        360000,
        410000,
        460000,
        510000,
        560000,
        610000,
        660000,
        710000,
        760000,
        810000,
        860000,
        910000,
        960000
      ],
      "beta_prices": [
        0.33270867692698847,
        0.3338572020350946,
        0.3326862849451326,
        0.33405734706514406,
        0.3350930155153437,
        0.33507874417088784,
        0.3337547237315434,
        0.3336058456794434,
        0.33352004106792704,
        0.3345049023035815,
        0.33447888872516457,
        0.33474352542664887,
        0.33365686110317944,
        0.3338755379156759,
        0.3338377041906486,
        0.3347073164851722,
        0.3339066270683402,
        0.33385192123373686,
        0.33442024758889527,
        0.3344077124273171
      ],
      "beta_errors": [
        0.0036447926517917395,
        0.002496267543685593,
        0.0036671846336476244,
        0.002296122513636145,
        0.0012604540634365002,
        0.001274725407892363,
        0.002598745847236794,
        0.002747623899336804,
        0.0028334285108531643,
        0.0018485672751987203,
        0.0018745808536156372,
        0.0016099441521313373,
        0.00269660847560077,
        0.0024779316631042825,
        0.0025157653881315856,
        0.0016461530936079938,
        0.002446842510440028,
        0.0025015483450433473,
        0.0019332219898849368,
        0.0019457571514631122
      ],
      "min_error": 0.0012604540634365002,
      "max_error": 0.0036671846336476244
    }
  ]
}