{
  "section": "Portfolio Timing vs MC Paths",
  "analysis_type": "MC paths scaling vs Beta steps (proportional)",
  "portfolio_params": {
    "num_assets": 4,
    "individual_prices": [
      150,
      120,
      80,
      95
    ],
    "portfolio_s0": 111.25,
    "portfolio_vol": 0.21454894546466546
  },
  "mc_paths": [
    1000,
    5000,
    10000,
    50000,
    100000,
    500000,
    1000000
  ],
  "beta_steps": [
    1000,
    5000,
    10000,
    50000,
    100000,
    500000,
    1000000
  ],
  "mc_times_ms": [
    0.1922448476155599,
    0.5543231964111328,
    1.0596911112467449,
    6.717681884765625,
    12.71971066792806,
    85.31641960144043,
    252.0608901977539
  ],
  "beta_times_ms": [
    0.04871686299641927,
    0.0553131103515625,
    0.0442663828531901,
    0.05141894022623698,
    0.09187062581380208,
    0.11626879374186198,
    0.08114178975423177
  ],
  "speedup_at_1M": 3106.425073457395
}