{
  "section": "Portfolio Timing vs Number of Assets",
  "analysis_type": "Scaling with portfolio size",
  "mc_paths": 100000,
  "beta_steps": 100000,
  "asset_counts": [
    2,
    3,
    4,
    5,
    6,
    7,
    8,
    9,
    10
  ],
  "mc_times_ms": [
    5.994002024332683,
    9.695132573445639,
    13.399283091227213,
    21.39004071553548,
    26.7180601755778,
    30.98154067993164,
    40.73286056518555,
    51.07673009236654,
    60.81167856852213
  ],
  "beta_times_ms": [
    0.0530083974202474,
    0.049273173014322914,
    0.06357828776041667,
    0.04283587137858073,
    0.06739298502604167,
    0.06095568339029948,
    0.07732709248860677,
    0.06508827209472656,
    0.06850560506184895
  ],
  "max_speedup": 998.7950688905003
}